"language","Noun.Dim1","Noun.Dim2","Noun.Dim3","Verb.Dim1","Verb.Dim2","Verb.Dim3","Adj.Dim1","Adj.Dim2","Adj.Dim3","Noun.Dim1_z","Noun.Dim2_z","Noun.Dim3_z","Verb.Dim1_z","Verb.Dim2_z","Verb.Dim3_z","Adj.Dim1_z","Adj.Dim2_z","Adj.Dim3_z"
"Kiswahili",-1.06365066719872,1.46313501597449,0.0404504784985738,0.400770743199987,1.35106678442295,-1.34624385191065,0.919582354956044,-0.45233560356117,-0.0689089301447636,-1.49657336112968,2.382358790213,0.072065331180664,0.600970723408663,2.21967357525964,-2.59870023291487,1.26012554800497,-0.690123982209675,-0.133256768739759
"Mandarin (Beijing)",0.757387270662538,0.266814397940008,0.97820122272262,1.42239019471074,0.269683902237534,0.400762772850683,0.761959103304276,0.293447521182712,-0.154736267735442,1.06565590403611,0.434442221222085,1.74273328013466,2.13292731265602,0.443064871678587,0.773605992460121,1.04413066152685,0.447709997386453,-0.299230520659042
"Cantonese",1.17446148196737,0.674188701909895,1.73261353242632,1.42239019471074,0.269683902237534,0.400762772850683,0.761959103304276,0.293447521182712,-0.154736267735442,1.65248593526888,1.09775199330294,3.08677110029255,2.13292731265602,0.443064871678587,0.773605992460121,1.04413066152685,0.447709997386453,-0.299230520659042
"Spanish (Peruvian)",-0.399083842047894,-0.165438334335128,0.352239512561694,-0.190275450514529,0.550175307212203,-0.601426395178863,0.233074211627795,-0.828569156436406,-0.211106001197756,-0.561517296312265,-0.269376008186767,0.627539106331441,-0.285325156795601,0.903885437240516,-1.16095379823966,0.319387129461983,-1.2641398140544,-0.408238867184361
"Mandarin (Taiwanese)",0.757387270662538,0.266814397940008,0.97820122272262,1.42239019471074,0.269683902237534,0.400762772850683,0.761959103304276,0.293447521182712,-0.154736267735442,1.06565590403611,0.434442221222084,1.74273328013466,2.13292731265602,0.443064871678587,0.773605992460121,1.04413066152685,0.447709997386453,-0.299230520659042
"Turkish",1.27098898459693,0.410441517171284,-0.611344301285485,0.0192663706520126,0.234250755622518,0.185632361920513,1.513998644579,0.999060854267395,0.446303204326709,1.78830166265637,0.668303981263215,-1.08915224671826,0.0288906436027484,0.384851598925202,0.358332453273398,2.07466831154028,1.5242573208668,0.863065538266768
"Japanese",1.83290561077593,0.833695665209578,-0.158362077093443,1.21652883476943,-0.128614711740029,0.299762363373068,1.513998644579,0.999060854267395,0.446303204326709,2.57892726921017,1.35747020930373,-0.2821330168591,1.82423050156149,-0.211301676816005,0.578641471536616,2.07466831154028,1.5242573208668,0.863065538266768
"Portuguese (European)",-0.399083842047894,-0.165438334335128,0.352239512561695,-0.0296961718956043,0.0786813615593973,-0.608409628387482,0.233074211627795,-0.828569156436406,-0.211106001197756,-0.561517296312266,-0.269376008186766,0.627539106331442,-0.0445305207762229,0.129265955711757,-1.17443377048984,0.319387129461983,-1.2641398140544,-0.408238867184361
"Irish",-1.50059905406516,2.41622209910368,-0.620360041820069,-1.02789509495721,0.988254580261645,1.41130528363528,-0.669198768798456,-1.05272001283664,2.6108581799444,-2.11136667263589,3.93422882649877,-1.10521441338673,-1.54136715138509,1.62360780586651,2.72429052440374,-0.917018971396762,-1.60612457142652,5.04890329840068
"Estonian",0.410827333980855,-0.238059561491047,-0.721358408037899,0.21079924685152,-0.577677542248897,0.0716599119731662,-0.520905391681137,0.219964067792764,-0.164941363661946,0.578040575745538,-0.387621977958552,-1.28515000328218,0.316101357256867,-0.949068980404596,0.138327562031968,-0.713809033648009,0.335597015165428,-0.318965235811177
"English (Australian)",-0.360753491733949,-0.410075788622095,-0.01304024926901,-0.283208645627499,-0.671669648656845,0.00945289178858062,-0.520905391681137,0.219964067792764,-0.164941363661946,-0.50758588539735,-0.667708481453231,-0.0232321079287788,-0.424681959764251,-1.10348902631359,0.0182472380897707,-0.71380903364801,0.335597015165428,-0.318965235811177
"French (French)",-0.569410366772439,-0.384918551801346,0.257640574405573,-0.443787924246422,-0.200175703004039,0.0164361249971997,0.233074211627795,-0.828569156436406,-0.211106001197756,-0.801169418439807,-0.626746052406679,0.459004541090134,-0.665476595783627,-0.328869544784834,0.0317272103399553,0.319387129461983,-1.2641398140544,-0.408238867184361
"Spanish (Mexican)",-0.399083842047894,-0.165438334335128,0.352239512561695,-0.190275450514529,0.550175307212203,-0.601426395178863,0.233074211627796,-0.828569156436407,-0.211106001197755,-0.561517296312266,-0.269376008186766,0.627539106331442,-0.285325156795601,0.903885437240516,-1.16095379823966,0.319387129461983,-1.2641398140544,-0.408238867184359
"Spanish (Argentinian)",-0.399083842047894,-0.165438334335128,0.352239512561695,-0.190275450514529,0.550175307212203,-0.601426395178863,0.233074211627795,-0.828569156436406,-0.211106001197756,-0.561517296312266,-0.269376008186766,0.627539106331442,-0.285325156795601,0.903885437240516,-1.16095379823966,0.319387129461983,-1.2641398140544,-0.408238867184361
"Spanish (European)",-0.399083842047894,-0.165438334335128,0.352239512561695,-0.190275450514529,0.550175307212203,-0.601426395178863,0.233074211627795,-0.828569156436406,-0.211106001197756,-0.561517296312266,-0.269376008186766,0.627539106331442,-0.285325156795601,0.903885437240516,-1.16095379823966,0.319387129461983,-1.2641398140544,-0.408238867184361
"Czech",0.224430885323443,-0.143720700869559,-0.467542153865887,-0.637816310507034,0.558278017534658,0.488482865540708,-0.520905391681137,0.219964067792764,-0.164941363661946,0.315777815731923,-0.234014134932122,-0.832958753762435,-0.956429420138543,0.917197415743798,0.942935066818643,-0.713809033648009,0.335597015165428,-0.318965235811177
"Hebrew",-0.485596525258008,-0.213050758224465,0.317372989816795,-0.637816310507033,0.558278017534658,0.488482865540707,0.233074211627795,-0.828569156436406,-0.211106001197756,-0.68324201391442,-0.346901236779949,0.565421979365491,-0.956429420138542,0.917197415743799,0.942935066818642,0.319387129461982,-1.2641398140544,-0.408238867184361
"English (Irish)",-0.360753491733949,-0.410075788622095,-0.01304024926901,-0.283208645627497,-0.671669648656844,0.00945289178858085,-0.520905391681137,0.219964067792764,-0.164941363661946,-0.50758588539735,-0.667708481453231,-0.0232321079287788,-0.424681959764248,-1.10348902631359,0.0182472380897711,-0.713809033648009,0.335597015165428,-0.318965235811177
"Russian",0.140617043809012,-0.315588494446439,-0.527274569277109,-0.616486842081986,-0.380135775916371,0.498166518083567,-0.520905391681137,0.219964067792764,-0.164941363661946,0.197850411206535,-0.513858950558853,-0.939376192037792,-0.924445084238736,-0.62452674178706,0.961627750230256,-0.71380903364801,0.335597015165428,-0.318965235811177
"French (Quebecois)",-0.569410366772439,-0.384918551801346,0.257640574405573,-0.443787924246422,-0.200175703004039,0.0164361249971991,0.233074211627795,-0.828569156436406,-0.211106001197756,-0.801169418439807,-0.626746052406679,0.459004541090134,-0.665476595783627,-0.328869544784834,0.0317272103399541,0.319387129461983,-1.2641398140544,-0.408238867184361
"Swedish",-0.360753491733949,-0.410075788622095,-0.01304024926901,0.25946664739198,-0.657033276774532,0.0683591062651699,-0.520905391681137,0.219964067792764,-0.164941363661946,-0.50758588539735,-0.667708481453231,-0.0232321079287788,0.389079945154,-1.07944286643504,0.131955904660978,-0.71380903364801,0.335597015165428,-0.318965235811177
"Italian",-0.399083842047894,-0.165438334335128,0.352239512561695,-0.304538114052545,0.266744144794185,-0.000230760754278773,0.233074211627795,-0.828569156436406,-0.211106001197756,-0.561517296312266,-0.269376008186766,0.627539106331442,-0.456666295664054,0.438235131217265,-0.000445445321841672,0.319387129461983,-1.2641398140544,-0.408238867184361
"English (American)",-0.360753491733949,-0.410075788622095,-0.01304024926901,-0.283208645627497,-0.671669648656844,0.00945289178858085,-0.520905391681137,0.219964067792764,-0.164941363661946,-0.50758588539735,-0.667708481453231,-0.0232321079287788,-0.424681959764248,-1.10348902631359,0.0182472380897711,-0.713809033648009,0.335597015165428,-0.318965235811177
"Hungarian",0.642230016424247,-0.0722605978388074,-0.644370626440603,-0.14272011113621,-0.340807217167845,-0.908981425960443,-0.975020011427981,0.815028028153991,0.154200105049905,0.903627820616819,-0.117658772818496,-1.14799093412878,-0.214014146216489,-0.559913679269626,-1.75463772035519,-1.33609308573045,1.24348024779364,0.298193683969756
"Latvian",0.0573880034708268,-0.220273171468531,-0.376721539718477,-0.637816310507034,0.558278017534658,0.488482865540708,-0.520905391681137,0.219964067792764,-0.164941363661946,0.0807458312126561,-0.358661176560414,-0.671155534628816,-0.956429420138543,0.917197415743798,0.942935066818643,-0.713809033648009,0.335597015165428,-0.318965235811177
"Dutch",-0.26289032772311,-0.469625059056411,0.0222881994462208,-0.396232584868103,-1.09115822738409,-0.29111890578438,-0.975020011427981,0.815028028153991,0.154200105049905,-0.369890861259201,-0.764669955494284,0.0397079721706934,-0.594165585204514,-1.79266866129498,-0.561956711775572,-1.33609308573045,1.24348024779364,0.298193683969756
"Finnish",0.494641175495286,-0.0661917679141676,-0.661625992626678,0.350049057045397,-0.110757694450674,0.0549930262216876,-0.520905391681136,0.219964067792765,-0.164941363661946,0.695967980270925,-0.107777162331822,-1.17873256500682,0.524911657376439,-0.181964304402497,0.10615490637017,-0.713809033648008,0.335597015165429,-0.318965235811175
"Croatian",0.224430885323443,-0.143720700869559,-0.467542153865887,-0.591284297762163,0.646436047390453,0.155388285863491,-0.520905391681137,0.219964067792764,-0.164941363661946,0.315777815731923,-0.234014134932122,-0.832958753762435,-0.886652926131864,1.06203263157026,0.299951286011515,-0.713809033648009,0.335597015165428,-0.318965235811177
"English (British)",-0.360753491733949,-0.410075788622095,-0.01304024926901,-0.283208645627497,-0.671669648656843,0.00945289178858099,-0.520905391681136,0.219964067792763,-0.164941363661947,-0.50758588539735,-0.667708481453231,-0.0232321079287788,-0.424681959764248,-1.10348902631359,0.0182472380897714,-0.713809033648008,0.335597015165427,-0.318965235811177
"Danish",-0.195711459602558,-0.402894332856113,-0.115050105043557,0.25946664739198,-0.657033276774532,0.0683591062651699,-0.520905391681137,0.219964067792764,-0.164941363661946,-0.275369128174744,-0.656015230944004,-0.204969736578678,0.389079945154,-1.07944286643504,0.131955904660978,-0.713809033648009,0.335597015165428,-0.318965235811177
"Korean",1.08412892717187,0.230547243761143,-0.785064203118746,1.21652883476943,-0.128614711740029,0.299762363373068,1.513998644579,0.999060854267395,0.446303204326709,1.52538659775258,0.375389999376048,-1.398646292845,1.82423050156149,-0.211301676816005,0.578641471536616,2.07466831154028,1.5242573208668,0.863065538266768
"German",-0.226285611314732,-0.463627841251055,-0.476028451275572,-0.396232584868103,-1.09115822738409,-0.29111890578438,-0.975020011427981,0.815028028153991,0.154200105049905,-0.318387444622646,-0.754904947891143,-0.848077680806724,-0.594165585204513,-1.79266866129498,-0.561956711775571,-1.33609308573045,1.24348024779364,0.298193683969756
